0, 1466.87, 489.02, 733.34, 1466.96, 73.34, 1466.96, 0.00, 733.48
1, 1467.16, 978.01, 1466.72, 1468.02, 143.02, 1466.77, 133.27, 1383.77
2, 1466.29, 1466.68, 1467.16, 1467.22, 209.21, 1466.87, 266.55, 1456.20
3, 1466.20, 1466.34, 1467.45, 1467.13, 272.07, 1466.77, 399.82, 1462.66
4, 1466.87, 1466.41, 1467.93, 1468.51, 331.80, 1466.77, 533.09, 1464.32
5, 1466.87, 1466.70, 1468.32, 1469.28, 388.56, 1466.82, 666.36, 1464.96
6, 1466.48, 1466.92, 1468.65, 1469.96, 442.47, 1466.77, 799.64, 1465.43
7, 1466.77, 1467.21, 1469.09, 1470.73, 493.68, 1466.82, 932.91, 1465.82
8, 1466.96, 1467.57, 1469.62, 1471.50, 542.35, 1466.87, 1066.27, 1465.97
9, 1467.35, 1467.98, 1470.20, 1472.37, 588.59, 1466.87, 1199.64, 1466.14
10, 1467.06, 1468.37, 1470.42, 1473.43, 632.51, 1466.87, 1333.00, 1466.27
11, 1467.44, 1468.52, 1470.50, 1473.40, 674.21, 1466.87, 1466.36, 1466.38
12, 1467.16, 1468.47, 1470.53, 1474.17, 713.85, 1466.87, 1466.45, 1466.42
13, 1467.44, 1468.62, 1470.41, 1475.23, 751.51, 1466.92, 1466.45, 1466.50
14, 1467.73, 1468.87, 1470.64, 1475.48, 787.31, 1466.96, 1466.55, 1466.56
15, 1467.25, 1469.28, 1471.16, 1476.12, 821.29, 1466.96, 1466.64, 1466.62
16, 1467.54, 1469.40, 1471.24, 1476.46, 853.58, 1466.96, 1466.73, 1466.66
17, 1466.87, 1469.42, 1471.51, 1476.71, 884.27, 1466.96, 1466.82, 1466.70
18, 1467.25, 1469.60, 1471.93, 1477.35, 913.43, 1467.16, 1466.91, 1466.77
19, 1467.93, 1469.75, 1471.91, 1478.18, 941.13, 1467.35, 1466.91, 1466.84
20, 1468.31, 1469.99, 1472.32, 1479.11, 967.46, 1467.35, 1467.00, 1466.91
21, 1467.44, 1470.24, 1473.09, 1480.13, 992.45, 1467.35, 1467.00, 1466.94
22, 1467.83, 1470.55, 1473.32, 1479.38, 1016.20, 1467.35, 1467.00, 1466.97
23, 1467.83, 1470.76, 1473.59, 1479.82, 1038.75, 1467.35, 1467.00, 1467.01
24, 1467.83, 1471.07, 1474.24, 1480.36, 1060.19, 1467.35, 1467.09, 1467.03
25, 1468.02, 1471.38, 1474.46, 1481.29, 1080.56, 1467.83, 1467.09, 1467.09
26, 1468.31, 1471.68, 1474.43, 1482.12, 1099.92, 1467.83, 1467.09, 1467.13
27, 1467.83, 1472.12, 1474.84, 1483.14, 1118.29, 1467.83, 1467.09, 1467.18
28, 1468.21, 1472.46, 1475.40, 1483.16, 1135.78, 1467.83, 1467.09, 1467.22
29, 1467.73, 1472.83, 1475.62, 1483.28, 1152.40, 1467.83, 1467.18, 1467.24
30, 1468.12, 1472.87, 1475.49, 1483.39, 1168.18, 1467.83, 1467.27, 1467.29
31, 1467.83, 1472.85, 1476.09, 1483.41, 1183.18, 1467.83, 1467.36, 1467.31
32, 1468.21, 1472.89, 1477.13, 1483.72, 1197.45, 1467.93, 1467.45, 1467.34
33, 1468.79, 1472.89, 1477.19, 1483.94, 1210.97, 1468.02, 1467.45, 1467.36
34, 1468.02, 1473.39, 1476.94, 1483.76, 1223.85, 1468.02, 1467.55, 1467.39
35, 1468.60, 1473.62, 1477.24, 1485.46, 1236.09, 1468.02, 1467.64, 1467.42
36, 1468.50, 1473.76, 1477.59, 1486.44, 1247.71, 1468.02, 1467.73, 1467.45
37, 1468.69, 1473.93, 1477.69, 1486.56, 1258.74, 1468.12, 1467.73, 1467.48
38, 1468.60, 1473.97, 1477.90, 1486.96, 1269.24, 1468.12, 1467.82, 1467.51
39, 1468.69, 1474.16, 1478.10, 1487.75, 1279.24, 1468.12, 1467.91, 1467.55
40, 1468.40, 1474.33, 1478.78, 1488.54, 1288.70, 1468.12, 1468.00, 1467.58
41, 1468.79, 1474.56, 1479.22, 1488.95, 1297.73, 1468.31, 1468.00, 1467.62
42, 1468.89, 1474.95, 1479.07, 1490.22, 1306.29, 1468.31, 1468.00, 1467.66
43, 1468.60, 1475.09, 1479.42, 1490.10, 1314.40, 1468.31, 1468.00, 1467.69
44, 1468.98, 1475.35, 1479.86, 1490.70, 1322.12, 1468.40, 1468.00, 1467.73
45, 1468.50, 1475.31, 1480.45, 1491.58, 1329.46, 1468.40, 1468.00, 1467.76
46, 1468.60, 1475.51, 1480.84, 1491.99, 1336.42, 1468.50, 1468.09, 1467.79
47, 1468.89, 1475.74, 1480.64, 1492.30, 1343.06, 1468.60, 1468.18, 1467.81
48, 1469.08, 1476.07, 1480.84, 1492.89, 1349.34, 1468.69, 1468.18, 1467.83
49, 1468.50, 1476.33, 1481.19, 1493.78, 1355.34, 1468.69, 1468.18, 1467.86
50, 1468.50, 1476.57, 1481.39, 1494.28, 1361.01, 1468.69, 1468.18, 1467.89
51, 1468.40, 1476.89, 1481.64, 1495.07, 1366.38, 1468.69, 1468.18, 1467.90
52, 1468.60, 1477.03, 1481.85, 1495.76, 1371.51, 1468.69, 1468.18, 1467.92
53, 1468.50, 1477.16, 1482.24, 1496.17, 1376.36, 1468.69, 1468.18, 1467.93
54, 1468.69, 1477.46, 1482.39, 1496.67, 1380.96, 1468.69, 1468.18, 1467.95
55, 1468.79, 1477.79, 1482.89, 1497.65, 1385.36, 1468.69, 1468.18, 1467.97
56, 1469.37, 1478.05, 1483.52, 1498.73, 1389.53, 1468.69, 1468.27, 1468.00
57, 1469.56, 1478.54, 1484.06, 1498.90, 1393.53, 1468.79, 1468.27, 1468.02
58, 1469.46, 1478.80, 1484.15, 1499.08, 1397.33, 1468.79, 1468.27, 1468.04
59, 1468.89, 1479.06, 1484.09, 1498.96, 1400.93, 1468.69, 1468.27, 1468.07
60, 1468.98, 1479.09, 1484.08, 1500.14, 1404.35, 1468.79, 1468.27, 1468.10
61, 1468.98, 1479.39, 1484.67, 1500.21, 1407.58, 1468.89, 1468.36, 1468.12
62, 1468.98, 1479.74, 1485.01, 1499.81, 1410.64, 1468.79, 1468.36, 1468.14
63, 1468.50, 1479.64, 1484.91, 1499.93, 1413.55, 1468.79, 1468.36, 1468.15
64, 1468.98, 1479.97, 1485.45, 1500.62, 1416.31, 1468.89, 1468.36, 1468.16
65, 1468.89, 1479.87, 1485.84, 1501.12, 1418.94, 1468.89, 1468.36, 1468.17
66, 1469.17, 1480.16, 1485.83, 1502.11, 1421.44, 1468.89, 1468.36, 1468.18
67, 1469.17, 1480.36, 1486.33, 1503.28, 1423.81, 1468.89, 1468.36, 1468.19
68, 1468.69, 1480.69, 1486.67, 1503.16, 1426.06, 1468.89, 1468.27, 1468.21
69, 1469.08, 1481.15, 1487.07, 1504.05, 1428.18, 1468.89, 1468.18, 1468.21
70, 1468.69, 1481.47, 1487.37, 1504.74, 1430.20, 1468.89, 1468.18, 1468.22
71, 1468.89, 1481.61, 1487.62, 1505.82, 1432.12, 1468.69, 1468.18, 1468.22
72, 1468.79, 1481.51, 1487.97, 1505.23, 1433.95, 1468.69, 1468.09, 1468.23
73, 1469.27, 1481.83, 1488.46, 1506.50, 1435.70, 1468.69, 1468.09, 1468.24
74, 1469.08, 1482.16, 1489.09, 1506.77, 1437.37, 1468.89, 1468.09, 1468.25
75, 1469.46, 1482.65, 1489.78, 1506.75, 1438.96, 1468.89, 1468.18, 1468.27
76, 1469.85, 1483.23, 1490.15, 1507.92, 1440.47, 1468.89, 1468.27, 1468.30
77, 1469.85, 1483.85, 1490.48, 1508.77, 1441.96, 1468.89, 1468.36, 1468.32
78, 1470.23, 1484.16, 1491.14, 1509.90, 1443.36, 1468.89, 1468.45, 1468.36
79, 1470.23, 1484.70, 1491.95, 1509.85, 1444.71, 1468.89, 1468.55, 1468.39
80, 1469.94, 1484.89, 1491.78, 1510.79, 1445.94, 1468.98, 1468.64, 1468.42
81, 1469.85, 1485.20, 1491.84, 1512.12, 1447.16, 1468.98, 1468.82, 1468.46
82, 1470.90, 1485.47, 1492.80, 1512.83, 1448.34, 1469.27, 1469.00, 1468.51
83, 1471.00, 1486.36, 1493.34, 1514.21, 1449.46, 1469.37, 1469.18, 1468.57
84, 1471.29, 1487.00, 1493.75, 1514.79, 1450.55, 1469.85, 1469.36, 1468.62
85, 1471.77, 1487.81, 1494.32, 1516.23, 1451.62, 1469.85, 1469.55, 1468.68
86, 1472.44, 1488.26, 1495.45, 1516.48, 1452.65, 1470.33, 1469.82, 1468.75
87, 1472.15, 1489.04, 1495.53, 1516.92, 1453.63, 1470.33, 1470.00, 1468.81
88, 1471.87, 1489.06, 1495.07, 1516.59, 1454.55, 1470.42, 1470.27, 1468.87
89, 1472.44, 1489.24, 1495.44, 1518.51, 1455.48, 1470.42, 1470.55, 1468.95
90, 1472.83, 1489.58, 1496.59, 1519.63, 1456.35, 1471.38, 1470.82, 1469.02
91, 1472.73, 1489.76, 1497.25, 1519.07, 1457.18, 1471.87, 1471.09, 1469.11
92, 1473.21, 1490.07, 1497.21, 1519.90, 1457.98, 1472.15, 1471.36, 1469.19
93, 1473.21, 1490.01, 1497.22, 1520.82, 1458.73, 1472.44, 1471.64, 1469.28
94, 1473.50, 1490.41, 1497.92, 1522.22, 1459.46, 1472.54, 1471.91, 1469.37
95, 1473.69, 1490.88, 1498.41, 1522.82, 1460.14, 1472.63, 1472.18, 1469.46
96, 1473.50, 1491.38, 1498.51, 1522.46, 1460.78, 1472.63, 1472.27, 1469.51
97, 1472.15, 1491.23, 1498.43, 1522.99, 1461.36, 1472.73, 1472.45, 1469.59
98, 1472.73, 1491.17, 1498.20, 1523.82, 1461.93, 1472.73, 1472.45, 1469.65
99, 1472.44, 1491.01, 1498.42, 1524.46, 1462.48, 1472.73, 1472.45, 1469.72
100, 1473.02, 1491.23, 1498.83, 1525.95, 1463.00, 1473.02, 1472.45, 1469.80
101, 1472.92, 1491.50, 1499.20, 1525.88, 1463.51, 1473.02, 1472.45, 1469.86
102, 1472.92, 1491.78, 1499.85, 1527.09, 1464.01, 1473.02, 1472.45, 1469.94
103, 1472.92, 1491.89, 1500.21, 1527.01, 1464.44, 1473.02, 1472.45, 1470.01
104, 1473.12, 1492.17, 1500.13, 1528.12, 1464.86, 1473.02, 1472.45, 1470.08
105, 1472.92, 1492.38, 1500.30, 1528.14, 1465.26, 1472.92, 1472.36, 1470.14
106, 1472.73, 1492.59, 1500.67, 1527.78, 1465.62, 1472.92, 1472.36, 1470.20
107, 1472.92, 1492.93, 1501.32, 1528.89, 1466.00, 1472.92, 1472.36, 1470.26
108, 1473.12, 1493.27, 1501.83, 1528.62, 1466.34, 1472.92, 1472.27, 1470.32
109, 1472.54, 1493.55, 1501.41, 1529.06, 1466.65, 1472.92, 1472.27, 1470.36
110, 1472.25, 1493.13, 1500.65, 1528.93, 1466.93, 1472.83, 1472.18, 1470.39
111, 1471.96, 1492.66, 1500.48, 1529.31, 1467.18, 1472.83, 1472.18, 1470.42
112, 1472.15, 1492.68, 1501.35, 1530.66, 1467.43, 1472.83, 1472.18, 1470.48
113, 1472.83, 1493.35, 1502.16, 1531.29, 1467.67, 1472.83, 1472.09, 1470.52
114, 1471.87, 1493.71, 1502.19, 1530.87, 1467.91, 1472.54, 1472.09, 1470.56
115, 1472.73, 1493.82, 1502.27, 1531.93, 1468.11, 1472.54, 1472.09, 1470.60
116, 1471.67, 1493.51, 1502.15, 1532.08, 1468.30, 1472.54, 1472.00, 1470.62
117, 1471.48, 1493.43, 1502.09, 1531.47, 1468.45, 1472.44, 1471.82, 1470.63
118, 1471.00, 1493.06, 1501.80, 1531.28, 1468.55, 1472.35, 1471.64, 1470.62
119, 1470.42, 1492.38, 1501.22, 1531.70, 1468.61, 1472.35, 1471.36, 1470.61
120, 1470.62, 1492.19, 1501.34, 1531.64, 1468.66, 1472.06, 1471.09, 1470.59
121, 1470.13, 1492.20, 1501.52, 1532.68, 1468.71, 1471.96, 1470.82, 1470.57
122, 1469.94, 1492.80, 1501.73, 1533.20, 1468.78, 1471.96, 1470.64, 1470.55
123, 1470.23, 1492.88, 1502.39, 1533.72, 1468.82, 1471.67, 1470.55, 1470.55
124, 1470.90, 1493.05, 1502.51, 1534.34, 1468.90, 1471.00, 1470.36, 1470.55
125, 1470.90, 1493.29, 1503.01, 1534.47, 1468.98, 1470.71, 1470.18, 1470.56
126, 1471.58, 1493.88, 1504.04, 1536.82, 1469.17, 1470.71, 1470.27, 1470.60
127, 1473.02, 1494.82, 1505.14, 1538.03, 1469.35, 1470.71, 1470.27, 1470.64
128, 1472.35, 1495.60, 1505.41, 1537.37, 1469.48, 1470.71, 1470.27, 1470.68
129, 1472.63, 1496.37, 1505.28, 1538.01, 1469.63, 1470.71, 1470.36, 1470.72
130, 1473.12, 1496.55, 1506.03, 1539.22, 1469.84, 1470.71, 1470.55, 1470.82
131, 1477.44, 1498.36, 1508.75, 1543.95, 1470.27, 1470.71, 1470.91, 1470.98
132, 1479.17, 1500.55, 1511.88, 1546.99, 1470.76, 1470.71, 1471.73, 1471.17
133, 1480.33, 1503.42, 1513.55, 1548.18, 1471.28, 1472.15, 1472.64, 1471.40
134, 1480.52, 1504.72, 1514.21, 1548.28, 1471.77, 1472.35, 1473.55, 1471.63
135, 1481.29, 1505.20, 1514.71, 1548.66, 1472.23, 1472.63, 1474.45, 1471.88
136, 1481.29, 1505.79, 1515.74, 1549.53, 1472.73, 1472.63, 1475.45, 1472.15
137, 1481.48, 1506.38, 1516.53, 1549.92, 1473.16, 1474.08, 1476.45, 1472.42
138, 1480.81, 1506.75, 1515.88, 1549.63, 1473.54, 1478.79, 1477.18, 1472.67
139, 1480.71, 1506.59, 1515.60, 1550.44, 1473.88, 1479.46, 1477.91, 1472.93
140, 1481.29, 1506.68, 1516.38, 1551.82, 1474.28, 1480.52, 1478.73, 1473.22
141, 1481.77, 1506.97, 1517.22, 1552.40, 1474.63, 1480.62, 1479.55, 1473.53
142, 1481.87, 1507.37, 1517.61, 1552.88, 1474.98, 1481.10, 1480.18, 1473.83
143, 1481.29, 1507.63, 1517.99, 1553.65, 1475.31, 1481.29, 1480.45, 1474.17
144, 1482.45, 1508.14, 1518.67, 1555.39, 1475.67, 1481.39, 1480.73, 1474.51
145, 1482.54, 1508.49, 1519.34, 1555.54, 1476.01, 1481.48, 1480.91, 1474.82
146, 1481.67, 1508.49, 1519.03, 1554.25, 1476.23, 1481.48, 1480.82, 1474.94
147, 1476.38, 1506.43, 1515.84, 1549.58, 1476.17, 1481.48, 1480.64, 1475.00
148, 1477.15, 1505.26, 1515.12, 1554.62, 1476.39, 1481.39, 1480.73, 1475.28
149, 1482.35, 1506.24, 1519.03, 1557.74, 1476.72, 1481.48, 1480.82, 1475.62
150, 1483.69, 1509.01, 1521.48, 1558.72, 1477.04, 1481.67, 1481.00, 1475.93
151, 1482.83, 1510.46, 1521.99, 1558.55, 1477.35, 1481.67, 1481.27, 1476.23
152, 1482.93, 1510.57, 1521.80, 1558.90, 1477.59, 1481.87, 1481.45, 1476.54
153, 1482.73, 1510.39, 1521.62, 1559.15, 1477.81, 1482.25, 1481.45, 1476.78
154, 1481.67, 1510.28, 1521.36, 1558.44, 1477.99, 1482.25, 1481.36, 1477.00
155, 1481.77, 1510.39, 1521.63, 1560.65, 1478.25, 1482.25, 1481.45, 1477.29
156, 1483.31, 1510.77, 1522.69, 1560.39, 1478.46, 1482.25, 1480.82, 1477.13
157, 1474.17, 1508.84, 1519.64, 1554.29, 1478.29, 1482.25, 1480.00, 1476.91
158, 1473.12, 1506.46, 1516.67, 1558.75, 1478.44, 1481.87, 1480.00, 1477.17
159, 1482.54, 1506.63, 1520.88, 1563.16, 1478.67, 1481.87, 1480.36, 1477.46
160, 1483.31, 1509.36, 1523.89, 1563.37, 1478.89, 1482.25, 1481.00, 1477.74
161, 1482.54, 1512.05, 1523.61, 1562.24, 1479.05, 1482.25, 1481.09, 1477.95
162, 1482.64, 1511.99, 1523.91, 1565.32, 1479.30, 1482.45, 1481.09, 1478.28
163, 1484.85, 1512.00, 1522.98, 1561.45, 1479.35, 1482.45, 1480.55, 1478.33
164, 1481.77, 1512.18, 1522.70, 1563.61, 1479.49, 1482.45, 1480.45, 1478.49
165, 1481.96, 1512.33, 1523.59, 1562.90, 1479.57, 1482.25, 1480.36, 1478.63
166, 1481.96, 1511.92, 1523.66, 1563.67, 1479.70, 1481.96, 1480.36, 1478.76
167, 1481.48, 1511.55, 1523.71, 1563.77, 1479.76, 1481.87, 1480.36, 1478.88
168, 1480.33, 1510.96, 1522.78, 1562.04, 1479.76, 1481.58, 1480.09, 1478.91
169, 1479.85, 1510.45, 1521.96, 1562.02, 1479.69, 1481.58, 1480.55, 1478.91
170, 1477.44, 1509.66, 1520.73, 1561.65, 1479.55, 1481.00, 1480.55, 1478.80
171, 1476.58, 1508.39, 1519.33, 1560.27, 1479.36, 1481.00, 1480.00, 1478.65
172, 1475.13, 1507.04, 1518.30, 1559.82, 1479.15, 1481.00, 1479.36, 1478.46
173, 1474.27, 1506.19, 1517.72, 1560.28, 1478.90, 1480.71, 1478.64, 1478.28
174, 1473.69, 1505.49, 1517.28, 1559.59, 1478.63, 1479.75, 1477.91, 1478.08
175, 1473.02, 1505.29, 1516.93, 1559.99, 1478.36, 1479.17, 1477.09, 1477.89
176, 1473.98, 1505.12, 1517.33, 1560.78, 1478.13, 1478.60, 1476.73, 1477.72
177, 1473.88, 1505.42, 1517.77, 1561.57, 1477.89, 1477.06, 1476.00, 1477.54
178, 1473.50, 1505.58, 1517.97, 1561.88, 1477.66, 1475.04, 1475.27, 1477.36
179, 1473.31, 1505.53, 1518.17, 1562.00, 1477.45, 1474.94, 1474.64, 1477.18
180, 1473.12, 1505.56, 1518.08, 1562.01, 1477.21, 1473.69, 1474.09, 1477.03
181, 1472.73, 1505.54, 1518.09, 1562.32, 1477.00, 1473.69, 1473.64, 1476.87
182, 1472.92, 1505.88, 1518.55, 1561.67, 1476.81, 1473.60, 1473.36, 1476.73
183, 1473.40, 1505.76, 1518.61, 1562.59, 1476.60, 1473.50, 1473.09, 1476.60
184, 1473.31, 1505.90, 1519.07, 1563.42, 1476.44, 1473.40, 1473.00, 1476.46
185, 1473.50, 1506.01, 1518.99, 1564.43, 1476.29, 1473.31, 1472.82, 1476.33
186, 1472.92, 1506.63, 1519.69, 1564.84, 1476.17, 1473.31, 1472.82, 1476.24
187, 1475.04, 1507.55, 1521.21, 1567.16, 1476.12, 1473.31, 1472.91, 1476.23
188, 1475.81, 1508.65, 1522.95, 1568.55, 1476.14, 1473.31, 1473.09, 1476.28
189, 1478.02, 1510.42, 1524.65, 1571.14, 1476.26, 1473.31, 1473.36, 1476.40
190, 1479.65, 1512.46, 1526.67, 1573.47, 1476.45, 1473.40, 1473.91, 1476.54
191, 1480.52, 1513.97, 1527.93, 1574.28, 1476.68, 1473.40, 1474.55, 1476.72
192, 1481.96, 1515.06, 1528.81, 1576.15, 1476.92, 1473.40, 1475.27, 1476.89
193, 1481.58, 1515.59, 1529.94, 1577.11, 1477.20, 1473.69, 1476.00, 1477.08
194, 1482.45, 1516.53, 1530.95, 1578.74, 1477.47, 1475.42, 1476.82, 1477.30
195, 1482.64, 1517.30, 1531.70, 1579.96, 1477.75, 1476.96, 1477.73, 1477.55
196, 1484.66, 1518.65, 1532.53, 1581.52, 1478.10, 1478.50, 1478.73, 1477.84
197, 1484.46, 1519.44, 1533.16, 1581.31, 1478.39, 1481.10, 1479.64, 1478.08
198, 1484.18, 1519.61, 1532.82, 1580.66, 1478.59, 1481.10, 1480.36, 1478.24
199, 1482.35, 1518.66, 1532.18, 1581.29, 1478.82, 1481.39, 1481.09, 1478.44
200, 1483.02, 1518.46, 1532.29, 1582.60, 1479.03, 1482.45, 1481.73, 1478.64
201, 1483.21, 1518.63, 1532.90, 1582.81, 1479.24, 1482.54, 1482.09, 1478.86
202, 1484.75, 1519.55, 1533.78, 1585.24, 1479.51, 1482.73, 1482.45, 1479.11
203, 1484.75, 1519.91, 1534.32, 1584.42, 1479.75, 1482.93, 1482.73, 1479.32
204, 1484.18, 1520.39, 1534.55, 1585.65, 1480.00, 1483.21, 1483.00, 1479.55
205, 1484.37, 1520.58, 1534.78, 1585.41, 1480.27, 1483.41, 1483.18, 1479.78
206, 1485.14, 1521.15, 1535.30, 1586.55, 1480.48, 1483.89, 1483.45, 1479.99
207, 1485.14, 1521.40, 1535.77, 1586.30, 1480.70, 1483.89, 1483.64, 1480.17
208, 1484.46, 1521.75, 1535.60, 1587.15, 1480.89, 1484.27, 1483.82, 1480.39
209, 1485.43, 1521.93, 1536.12, 1588.29, 1481.09, 1484.66, 1483.82, 1480.57
210, 1484.75, 1522.24, 1536.31, 1588.14, 1481.27, 1484.66, 1483.91, 1480.77
211, 1484.18, 1522.16, 1535.94, 1588.51, 1481.43, 1484.66, 1484.00, 1480.93
212, 1484.75, 1521.98, 1536.13, 1589.07, 1481.59, 1484.66, 1484.09, 1481.08
213, 1484.66, 1522.36, 1536.60, 1590.30, 1481.80, 1484.66, 1484.27, 1481.29
214, 1485.72, 1523.13, 1537.56, 1591.21, 1482.00, 1484.85, 1484.45, 1481.47
215, 1485.81, 1523.60, 1537.98, 1591.83, 1482.17, 1484.95, 1484.55, 1481.62
216, 1484.85, 1523.55, 1537.86, 1590.33, 1482.18, 1484.95, 1484.55, 1481.62
217, 1482.06, 1522.20, 1536.74, 1589.01, 1482.15, 1484.85, 1484.36, 1481.58
218, 1481.10, 1520.78, 1534.91, 1588.43, 1482.04, 1484.85, 1484.00, 1481.55
219, 1480.14, 1519.58, 1534.52, 1588.57, 1481.96, 1484.85, 1483.64, 1481.55
220, 1482.54, 1520.19, 1536.27, 1592.55, 1482.08, 1484.85, 1483.73, 1481.67
221, 1485.04, 1522.03, 1538.94, 1595.36, 1482.24, 1484.85, 1483.73, 1481.81
222, 1485.62, 1523.91, 1540.44, 1596.36, 1482.39, 1484.95, 1483.82, 1481.94
223, 1486.10, 1525.37, 1540.85, 1596.56, 1482.61, 1484.95, 1484.00, 1482.12
224, 1487.74, 1526.35, 1541.72, 1598.11, 1482.86, 1485.24, 1484.18, 1482.29
225, 1486.78, 1526.71, 1542.31, 1597.11, 1483.02, 1485.33, 1484.27, 1482.41
226, 1486.39, 1527.00, 1542.06, 1598.66, 1483.18, 1485.52, 1484.27, 1482.55
227, 1486.10, 1526.45, 1541.77, 1596.60, 1483.26, 1485.52, 1484.00, 1482.61
228, 1484.18, 1526.10, 1541.63, 1598.51, 1483.37, 1485.43, 1483.91, 1482.70
229, 1484.85, 1525.87, 1541.60, 1598.36, 1483.46, 1485.33, 1484.09, 1482.79
230, 1485.43, 1525.98, 1541.62, 1599.79, 1483.56, 1485.43, 1484.45, 1482.88
231, 1484.75, 1526.43, 1542.10, 1599.74, 1483.64, 1485.43, 1484.82, 1482.97
232, 1485.52, 1526.67, 1542.55, 1602.22, 1483.76, 1485.52, 1485.09, 1483.10
233, 1487.45, 1527.58, 1544.47, 1603.67, 1483.95, 1485.52, 1485.27, 1483.27
234, 1487.35, 1528.56, 1545.64, 1603.45, 1484.13, 1485.62, 1485.36, 1483.41
235, 1486.39, 1529.08, 1545.29, 1604.03, 1484.24, 1485.62, 1485.36, 1483.47
236, 1485.91, 1528.43, 1544.60, 1603.17, 1484.28, 1485.62, 1485.18, 1483.51
237, 1484.56, 1527.46, 1543.88, 1603.12, 1484.30, 1485.62, 1485.00, 1483.55
238, 1484.66, 1526.95, 1543.66, 1603.20, 1484.32, 1485.43, 1485.00, 1483.58
239, 1485.04, 1526.86, 1543.99, 1604.53, 1484.38, 1485.43, 1484.82, 1483.63
240, 1485.33, 1527.44, 1544.51, 1604.28, 1484.38, 1485.43, 1484.82, 1483.66
241, 1485.14, 1527.75, 1544.94, 1604.84, 1484.38, 1485.33, 1484.82, 1483.68
242, 1484.66, 1527.97, 1544.76, 1604.83, 1484.38, 1485.33, 1484.82, 1483.71
243, 1484.85, 1527.76, 1545.00, 1606.68, 1484.44, 1485.14, 1484.82, 1483.75
244, 1485.04, 1528.08, 1545.52, 1607.91, 1484.45, 1485.14, 1484.82, 1483.81
245, 1485.24, 1528.52, 1546.28, 1608.43, 1484.52, 1485.14, 1484.73, 1483.92
246, 1488.12, 1529.93, 1547.94, 1612.23, 1484.72, 1485.14, 1484.73, 1484.07
247, 1488.32, 1531.33, 1549.88, 1612.45, 1484.90, 1485.14, 1484.82, 1484.16
248, 1486.58, 1531.96, 1549.08, 1611.13, 1484.97, 1485.14, 1484.82, 1484.23
249, 1486.87, 1531.48, 1548.80, 1612.67, 1485.09, 1485.14, 1485.09, 1484.30
250, 1486.20, 1530.95, 1548.90, 1612.54, 1485.18, 1485.14, 1485.36, 1484.39
251, 1486.58, 1531.33, 1548.74, 1613.13, 1485.25, 1485.14, 1485.45, 1484.44
252, 1486.00, 1531.30, 1548.84, 1612.74, 1485.31, 1485.62, 1485.55, 1484.49
253, 1486.10, 1531.24, 1549.03, 1614.13, 1485.34, 1486.20, 1485.73, 1484.54
254, 1486.20, 1530.91, 1549.13, 1614.33, 1485.38, 1486.20, 1485.82, 1484.57
255, 1486.20, 1531.18, 1549.09, 1614.72, 1485.44, 1486.29, 1485.91, 1484.62
256, 1486.78, 1531.80, 1549.23, 1615.21, 1485.52, 1486.39, 1486.00, 1484.67
257, 1485.81, 1531.68, 1549.79, 1614.44, 1485.52, 1486.39, 1486.09, 1484.71
258, 1485.81, 1532.01, 1549.50, 1615.16, 1485.52, 1486.39, 1486.00, 1484.74
259, 1485.72, 1531.76, 1549.16, 1615.20, 1485.49, 1486.39, 1485.82, 1484.74
260, 1484.46, 1531.64, 1548.95, 1615.05, 1485.46, 1486.39, 1485.55, 1484.74
261, 1484.85, 1531.06, 1549.01, 1615.81, 1485.40, 1486.20, 1485.55, 1484.73
262, 1484.66, 1530.95, 1549.34, 1616.27, 1485.35, 1485.91, 1485.27, 1484.72
263, 1484.27, 1531.30, 1548.98, 1616.54, 1485.27, 1485.72, 1485.09, 1484.70
264, 1483.21, 1531.10, 1548.83, 1615.95, 1485.21, 1485.62, 1484.82, 1484.66
265, 1483.41, 1530.81, 1548.43, 1616.07, 1485.10, 1485.62, 1484.64, 1484.61
266, 1482.45, 1529.95, 1548.11, 1615.22, 1484.99, 1485.14, 1484.27, 1484.57
267, 1482.64, 1529.74, 1547.73, 1615.28, 1484.84, 1484.95, 1484.00, 1484.51
268, 1482.15, 1529.42, 1547.52, 1615.15, 1484.70, 1484.85, 1483.55, 1484.43
269, 1481.10, 1529.25, 1547.12, 1615.24, 1484.53, 1484.85, 1483.09, 1484.34
270, 1480.71, 1528.95, 1546.93, 1615.24, 1484.33, 1484.08, 1482.73, 1484.26
271, 1480.42, 1528.36, 1546.54, 1615.57, 1484.12, 1483.98, 1482.27, 1484.13
272, 1479.27, 1527.62, 1545.79, 1613.68, 1483.82, 1482.73, 1481.73, 1483.96
273, 1477.25, 1526.37, 1544.13, 1612.36, 1483.49, 1482.25, 1481.09, 1483.76
274, 1476.29, 1525.04, 1542.79, 1612.07, 1483.08, 1481.87, 1480.36, 1483.54
275, 1475.33, 1523.99, 1542.21, 1612.10, 1482.69, 1481.39, 1479.64, 1483.30
276, 1475.23, 1523.36, 1542.38, 1611.76, 1482.31, 1481.10, 1478.91, 1483.07
277, 1475.33, 1523.63, 1543.18, 1613.37, 1481.98, 1480.42, 1478.27, 1482.87
278, 1476.67, 1524.40, 1543.88, 1615.04, 1481.73, 1479.36, 1477.82, 1482.68
279, 1476.29, 1524.89, 1544.38, 1615.23, 1481.45, 1477.44, 1477.27, 1482.45
280, 1475.90, 1525.00, 1544.23, 1614.56, 1481.15, 1477.25, 1476.73, 1482.22
281, 1475.90, 1525.00, 1544.78, 1615.37, 1480.90, 1476.77, 1476.18, 1482.00
282, 1476.10, 1525.06, 1544.94, 1615.79, 1480.64, 1475.90, 1475.73, 1481.77
283, 1475.04, 1525.30, 1544.99, 1616.69, 1480.39, 1475.90, 1475.45, 1481.55
284, 1475.33, 1525.44, 1545.54, 1617.21, 1480.14, 1475.90, 1475.27, 1481.31
285, 1475.52, 1525.21, 1545.15, 1617.73, 1479.90, 1475.71, 1475.09, 1481.09
286, 1474.94, 1525.26, 1544.72, 1618.34, 1479.69, 1475.61, 1475.00, 1480.86
287, 1475.23, 1525.24, 1544.69, 1618.28, 1479.45, 1475.61, 1475.00, 1480.65
288, 1475.52, 1525.38, 1545.04, 1619.99, 1479.27, 1475.61, 1475.09, 1480.45
289, 1476.10, 1525.58, 1545.85, 1620.32, 1479.07, 1475.61, 1475.09, 1480.23
290, 1475.42, 1526.09, 1546.11, 1621.03, 1478.92, 1475.61, 1475.18, 1480.09
291, 1476.96, 1526.71, 1547.04, 1622.99, 1478.80, 1475.61, 1475.18, 1479.96
292, 1477.15, 1527.20, 1547.69, 1623.18, 1478.68, 1475.61, 1475.27, 1479.82
293, 1476.48, 1527.76, 1548.07, 1623.76, 1478.59, 1475.61, 1475.36, 1479.73
294, 1477.35, 1528.34, 1548.94, 1625.97, 1478.57, 1475.61, 1475.55, 1479.71
295, 1479.56, 1529.72, 1550.96, 1628.10, 1478.69, 1475.61, 1475.82, 1479.77
296, 1481.67, 1531.64, 1553.39, 1630.35, 1478.89, 1475.90, 1476.36, 1479.89
297, 1483.12, 1533.52, 1554.85, 1631.47, 1479.10, 1476.29, 1477.00, 1480.02
298, 1483.60, 1534.72, 1556.44, 1633.13, 1479.35, 1476.48, 1477.73, 1480.25
299, 1486.39, 1536.77, 1559.02, 1636.39, 1479.72, 1476.48, 1478.64, 1480.50
300, 1487.64, 1538.59, 1560.26, 1636.06, 1480.07, 1476.67, 1479.64, 1480.75
301, 1487.54, 1540.14, 1560.73, 1638.38, 1480.49, 1478.21, 1480.55, 1481.07
302, 1489.28, 1540.74, 1562.46, 1639.56, 1480.89, 1480.52, 1481.64, 1481.34
303, 1487.35, 1540.63, 1562.35, 1637.34, 1481.23, 1482.45, 1482.64, 1481.57
304, 1487.54, 1540.52, 1561.24, 1637.53, 1481.49, 1483.02, 1483.55, 1481.76
305, 1487.16, 1540.05, 1561.58, 1638.69, 1481.78, 1485.52, 1484.45, 1482.00
306, 1487.64, 1540.60, 1562.40, 1639.24, 1482.09, 1486.58, 1485.36, 1482.24
307, 1487.26, 1541.14, 1562.98, 1639.78, 1482.32, 1486.87, 1485.82, 1482.46
308, 1488.12, 1541.75, 1563.44, 1640.81, 1482.63, 1487.26, 1486.36, 1482.69
309, 1487.64, 1541.93, 1563.67, 1640.74, 1482.91, 1487.35, 1486.73, 1482.87
310, 1486.20, 1541.76, 1563.36, 1640.32, 1483.10, 1487.35, 1486.73, 1483.00
311, 1486.00, 1541.30, 1562.38, 1639.75, 1483.20, 1487.35, 1486.73, 1483.04
312, 1484.66, 1540.71, 1561.81, 1640.18, 1483.34, 1487.35, 1486.64, 1483.11
313, 1485.43, 1540.39, 1561.83, 1640.22, 1483.41, 1487.35, 1486.55, 1483.20
314, 1484.75, 1540.31, 1562.40, 1639.49, 1483.46, 1487.26, 1486.09, 1483.23
315, 1484.27, 1540.17, 1562.32, 1639.86, 1483.55, 1487.26, 1485.73, 1483.25
316, 1483.69, 1539.86, 1561.33, 1639.46, 1483.53, 1486.87, 1485.36, 1483.26
317, 1483.50, 1539.69, 1561.09, 1639.87, 1483.55, 1486.10, 1485.09, 1483.29
318, 1484.27, 1539.62, 1561.34, 1640.47, 1483.54, 1485.14, 1484.73, 1483.28
319, 1482.15, 1539.11, 1561.01, 1639.81, 1483.45, 1485.04, 1484.27, 1483.22
320, 1481.48, 1538.66, 1560.06, 1639.29, 1483.32, 1484.66, 1483.82, 1483.14
321, 1480.62, 1537.93, 1559.27, 1639.10, 1483.18, 1484.46, 1483.27, 1483.04
322, 1479.65, 1537.09, 1558.45, 1637.60, 1482.89, 1484.27, 1482.82, 1482.81
323, 1474.94, 1534.65, 1555.20, 1633.30, 1482.41, 1484.08, 1482.00, 1482.47
324, 1472.25, 1532.00, 1551.92, 1633.03, 1481.90, 1483.69, 1481.00, 1482.10
325, 1472.44, 1529.75, 1551.60, 1633.47, 1481.42, 1483.60, 1479.82, 1481.72
326, 1472.15, 1529.50, 1551.77, 1633.33, 1480.95, 1481.77, 1478.73, 1481.32
327, 1472.44, 1529.46, 1551.41, 1634.58, 1480.49, 1481.67, 1477.73, 1480.93
328, 1472.35, 1529.41, 1551.35, 1634.45, 1480.04, 1480.81, 1476.64, 1480.55
329, 1472.15, 1529.40, 1551.83, 1635.50, 1479.65, 1476.77, 1475.55, 1480.14
330, 1472.44, 1529.79, 1552.31, 1635.66, 1479.27, 1472.83, 1474.45, 1479.75
331, 1471.87, 1530.07, 1552.69, 1635.24, 1478.89, 1472.35, 1473.64, 1479.37
332, 1471.87, 1530.39, 1553.07, 1636.00, 1478.55, 1472.15, 1472.73, 1478.99
333, 1472.35, 1530.38, 1553.51, 1637.06, 1478.20, 1472.15, 1472.00, 1478.62
334, 1471.77, 1530.73, 1553.99, 1637.12, 1477.91, 1472.06, 1471.64, 1478.27
335, 1471.29, 1531.15, 1554.76, 1637.75, 1477.64, 1472.06, 1471.64, 1477.96
336, 1472.35, 1531.66, 1555.33, 1637.91, 1477.37, 1472.06, 1471.64, 1477.69
337, 1472.25, 1531.59, 1555.51, 1637.68, 1477.11, 1472.06, 1471.64, 1477.40
338, 1472.44, 1531.60, 1555.87, 1639.02, 1476.87, 1472.06, 1471.64, 1477.09
339, 1472.06, 1531.69, 1555.95, 1639.18, 1476.62, 1472.06, 1471.73, 1476.83
340, 1471.77, 1531.88, 1555.83, 1638.75, 1476.38, 1472.06, 1471.64, 1476.54
341, 1472.25, 1531.74, 1555.57, 1639.52, 1476.14, 1472.06, 1471.64, 1476.30
342, 1471.87, 1531.69, 1555.86, 1640.19, 1475.90, 1472.06, 1471.64, 1476.06
343, 1471.19, 1531.89, 1556.25, 1640.96, 1475.72, 1472.06, 1471.64, 1475.84
344, 1472.06, 1532.18, 1556.82, 1642.21, 1475.54, 1471.87, 1471.64, 1475.65
345, 1472.35, 1532.40, 1557.01, 1641.50, 1475.32, 1471.77, 1471.64, 1475.44
346, 1471.00, 1532.50, 1556.56, 1641.69, 1475.11, 1471.77, 1471.55, 1475.22
347, 1471.48, 1532.43, 1556.51, 1641.40, 1474.92, 1471.77, 1471.45, 1475.03
348, 1471.19, 1532.40, 1556.51, 1642.21, 1474.73, 1471.77, 1471.36, 1474.81
349, 1471.00, 1532.37, 1557.11, 1643.59, 1474.56, 1471.48, 1471.18, 1474.62
350, 1471.00, 1532.86, 1557.40, 1643.69, 1474.41, 1471.38, 1471.09, 1474.46
351, 1471.19, 1533.32, 1557.64, 1644.27, 1474.25, 1471.29, 1471.00, 1474.30
352, 1470.90, 1533.66, 1557.74, 1644.85, 1474.09, 1471.29, 1470.91, 1474.15
353, 1471.00, 1533.63, 1557.74, 1644.46, 1473.93, 1471.29, 1470.82, 1474.03
354, 1471.48, 1533.53, 1557.88, 1645.17, 1473.77, 1471.19, 1470.82, 1473.88
355, 1471.19, 1533.53, 1557.88, 1645.60, 1473.61, 1471.19, 1470.82, 1473.75
356, 1471.00, 1533.80, 1557.93, 1646.50, 1473.49, 1471.10, 1470.73, 1473.62
357, 1470.52, 1533.94, 1557.74, 1647.40, 1473.33, 1471.10, 1470.64, 1473.50
358, 1470.81, 1533.84, 1557.45, 1647.83, 1473.17, 1471.10, 1470.55, 1473.37
359, 1470.04, 1533.98, 1557.95, 1648.44, 1473.04, 1471.00, 1470.55, 1473.24
360, 1470.33, 1534.13, 1557.92, 1648.86, 1472.91, 1470.90, 1470.45, 1473.12
361, 1470.04, 1534.04, 1557.39, 1649.09, 1472.79, 1470.81, 1470.36, 1473.01
362, 1470.33, 1534.02, 1557.91, 1649.13, 1472.64, 1470.71, 1470.36, 1472.89
363, 1470.04, 1534.20, 1558.53, 1649.27, 1472.51, 1470.71, 1470.27, 1472.79
364, 1470.04, 1534.54, 1558.64, 1649.11, 1472.41, 1470.62, 1470.18, 1472.67
365, 1470.42, 1534.73, 1558.52, 1650.15, 1472.25, 1470.42, 1470.09, 1472.57
366, 1469.94, 1534.61, 1558.30, 1650.10, 1472.15, 1470.13, 1470.09, 1472.45
367, 1469.94, 1534.66, 1558.82, 1651.42, 1472.04, 1470.13, 1470.00, 1472.37
368, 1470.13, 1535.17, 1559.10, 1651.94, 1471.97, 1470.13, 1469.91, 1472.30
369, 1470.42, 1535.64, 1559.26, 1651.98, 1471.89, 1470.13, 1469.91, 1472.23
370, 1470.04, 1535.65, 1559.87, 1652.02, 1471.80, 1470.04, 1469.82, 1472.16
371, 1469.65, 1535.57, 1559.80, 1652.25, 1471.74, 1470.04, 1469.82, 1472.09
372, 1470.33, 1535.58, 1559.72, 1652.29, 1471.65, 1470.04, 1469.73, 1472.00
373, 1470.23, 1535.69, 1560.34, 1651.95, 1471.56, 1470.04, 1469.73, 1471.92
374, 1469.94, 1536.07, 1560.66, 1652.99, 1471.48, 1469.94, 1469.73, 1471.83
375, 1470.13, 1536.08, 1560.59, 1652.64, 1471.40, 1469.85, 1469.73, 1471.76
376, 1469.94, 1535.91, 1560.91, 1653.58, 1471.31, 1469.85, 1469.64, 1471.70
377, 1469.65, 1535.79, 1561.14, 1654.24, 1471.23, 1469.75, 1469.55, 1471.64
378, 1469.85, 1535.74, 1561.47, 1654.60, 1471.15, 1469.85, 1469.55, 1471.57
379, 1469.65, 1535.86, 1561.90, 1655.74, 1471.06, 1469.75, 1469.55, 1471.51
380, 1470.13, 1536.11, 1562.22, 1655.10, 1471.01, 1469.75, 1469.45, 1471.46
381, 1470.04, 1536.27, 1562.69, 1655.85, 1470.93, 1469.75, 1469.45, 1471.39
382, 1469.75, 1536.42, 1562.97, 1656.61, 1470.87, 1469.75, 1469.45, 1471.33
383, 1469.65, 1536.64, 1563.20, 1657.17, 1470.82, 1469.65, 1469.45, 1471.28
384, 1469.85, 1536.86, 1563.58, 1657.92, 1470.76, 1469.65, 1469.36, 1471.23
385, 1469.27, 1536.98, 1563.76, 1658.76, 1470.69, 1469.65, 1469.36, 1471.18
386, 1469.37, 1537.13, 1563.95, 1659.13, 1470.63, 1469.65, 1469.27, 1471.13
387, 1469.46, 1537.29, 1564.08, 1659.40, 1470.56, 1469.65, 1469.27, 1471.08
388, 1469.75, 1537.60, 1564.46, 1659.19, 1470.49, 1469.56, 1469.18, 1471.03
389, 1469.65, 1537.69, 1564.59, 1660.75, 1470.43, 1469.56, 1469.09, 1470.97
390, 1469.27, 1537.65, 1564.44, 1660.83, 1470.35, 1469.56, 1469.09, 1470.92
391, 1469.46, 1537.74, 1564.62, 1661.00, 1470.29, 1469.56, 1469.00, 1470.87
392, 1469.75, 1537.83, 1565.35, 1661.37, 1470.23, 1469.37, 1468.91, 1470.83
393, 1469.37, 1538.19, 1565.54, 1661.54, 1470.17, 1469.37, 1468.91, 1470.79
394, 1469.46, 1538.19, 1565.58, 1661.33, 1470.11, 1469.27, 1468.82, 1470.76
395, 1469.17, 1538.31, 1565.90, 1662.79, 1470.08, 1469.17, 1468.82, 1470.72
396, 1468.98, 1538.50, 1566.14, 1663.26, 1470.06, 1469.17, 1468.82, 1470.69
397, 1469.08, 1538.92, 1566.13, 1663.91, 1470.03, 1469.17, 1468.82, 1470.67
398, 1469.75, 1538.94, 1566.50, 1664.28, 1470.01, 1469.17, 1468.82, 1470.64
399, 1469.46, 1538.94, 1567.19, 1664.35, 1469.96, 1469.08, 1468.73, 1470.59
400, 1469.65, 1538.93, 1567.46, 1664.43, 1469.92, 1469.08, 1468.73, 1470.56
401, 1469.08, 1538.90, 1567.36, 1664.22, 1469.86, 1469.08, 1468.64, 1470.52
402, 1468.40, 1539.16, 1567.59, 1665.11, 1469.81, 1469.08, 1468.73, 1470.49
403, 1469.46, 1539.49, 1567.99, 1666.28, 1469.78, 1469.08, 1468.73, 1470.46
404, 1469.08, 1539.91, 1568.12, 1666.36, 1469.73, 1469.08, 1468.64, 1470.42
405, 1468.60, 1540.20, 1568.76, 1666.24, 1469.67, 1469.08, 1468.55, 1470.38
406, 1468.60, 1540.40, 1568.75, 1667.51, 1469.63, 1468.98, 1468.45, 1470.34
407, 1468.60, 1540.33, 1568.40, 1667.30, 1469.60, 1468.98, 1468.55, 1470.31
408, 1469.08, 1540.72, 1568.85, 1668.38, 1469.57, 1469.08, 1468.55, 1470.28
409, 1469.46, 1541.24, 1569.62, 1668.94, 1469.54, 1469.08, 1468.45, 1470.25
410, 1468.69, 1541.54, 1570.21, 1669.02, 1469.52, 1469.08, 1468.45, 1470.23
411, 1469.56, 1541.63, 1570.25, 1669.19, 1469.51, 1469.08, 1468.45, 1470.21
412, 1469.56, 1541.75, 1570.39, 1669.27, 1469.50, 1469.08, 1468.55, 1470.20
413, 1469.37, 1542.21, 1570.28, 1670.31, 1469.52, 1469.08, 1468.64, 1470.19
414, 1469.65, 1542.33, 1570.42, 1669.10, 1469.50, 1469.08, 1468.73, 1470.17
415, 1469.65, 1542.61, 1571.29, 1670.37, 1469.51, 1469.08, 1468.73, 1470.15
416, 1469.17, 1542.64, 1571.52, 1670.93, 1469.50, 1469.17, 1468.73, 1470.14
417, 1469.46, 1542.85, 1571.99, 1671.58, 1469.50, 1469.17, 1468.82, 1470.13
418, 1469.85, 1543.14, 1572.42, 1672.43, 1469.51, 1469.27, 1468.91, 1470.12
419, 1469.65, 1543.26, 1572.60, 1672.70, 1469.52, 1469.37, 1469.00, 1470.10
420, 1469.08, 1543.51, 1572.69, 1673.06, 1469.52, 1469.37, 1469.00, 1470.10
421, 1469.46, 1543.76, 1573.06, 1674.01, 1469.53, 1469.37, 1469.00, 1470.09
422, 1469.37, 1543.82, 1573.10, 1674.56, 1469.54, 1469.37, 1469.00, 1470.08
423, 1469.94, 1544.10, 1573.43, 1675.32, 1469.54, 1469.46, 1469.00, 1470.08
424, 1469.17, 1544.16, 1573.52, 1675.59, 1469.52, 1469.46, 1469.00, 1470.07
425, 1469.27, 1544.34, 1573.79, 1676.34, 1469.56, 1469.46, 1469.00, 1470.06
426, 1469.46, 1544.63, 1574.03, 1677.09, 1469.54, 1469.46, 1469.00, 1470.06
427, 1470.23, 1544.84, 1574.07, 1677.36, 1469.53, 1469.46, 1469.00, 1470.04
428, 1469.75, 1545.00, 1574.44, 1677.82, 1469.53, 1469.46, 1469.00, 1470.03
429, 1469.17, 1545.12, 1574.38, 1677.71, 1469.52, 1469.46, 1469.00, 1470.01
430, 1469.94, 1545.27, 1574.66, 1678.98, 1469.53, 1469.46, 1469.00, 1470.00
431, 1469.75, 1545.36, 1575.49, 1679.54, 1469.53, 1469.46, 1469.00, 1469.98
432, 1469.37, 1545.61, 1575.77, 1679.52, 1469.52, 1469.46, 1469.00, 1469.98
433, 1469.27, 1545.80, 1575.95, 1680.60, 1469.50, 1469.46, 1469.00, 1469.96
434, 1469.46, 1545.99, 1576.18, 1680.97, 1469.51, 1469.46, 1469.00, 1469.96
435, 1469.46, 1545.92, 1576.13, 1680.85, 1469.47, 1469.46, 1468.91, 1469.94
436, 1468.69, 1545.62, 1575.92, 1681.45, 1469.42, 1469.46, 1468.82, 1469.91
437, 1468.31, 1545.39, 1576.22, 1681.76, 1469.36, 1469.46, 1468.73, 1469.89
438, 1468.21, 1545.53, 1576.67, 1682.45, 1469.33, 1469.27, 1468.64, 1469.87
439, 1468.79, 1545.47, 1576.87, 1683.15, 1469.27, 1469.27, 1468.55, 1469.85
440, 1468.60, 1545.57, 1577.07, 1683.84, 1469.22, 1469.17, 1468.45, 1469.83
441, 1468.60, 1545.71, 1577.18, 1684.15, 1469.17, 1469.08, 1468.36, 1469.81
442, 1468.40, 1546.21, 1577.28, 1684.55, 1469.14, 1468.89, 1468.36, 1469.79
443, 1468.50, 1546.34, 1577.34, 1685.06, 1469.10, 1468.79, 1468.27, 1469.76
444, 1468.89, 1546.54, 1577.64, 1685.75, 1469.09, 1468.79, 1468.18, 1469.74
445, 1468.69, 1546.52, 1577.60, 1685.87, 1469.04, 1468.60, 1468.09, 1469.71
446, 1467.73, 1546.43, 1577.57, 1685.79, 1468.98, 1468.50, 1467.91, 1469.67
447, 1467.83, 1546.34, 1577.93, 1686.91, 1468.93, 1468.40, 1467.82, 1469.64
448, 1467.73, 1546.49, 1578.16, 1686.35, 1468.85, 1468.31, 1467.73, 1469.60
449, 1467.54, 1546.80, 1578.52, 1686.80, 1468.75, 1468.31, 1467.64, 1469.56
450, 1467.83, 1547.01, 1578.46, 1687.15, 1468.67, 1468.31, 1467.55, 1469.52
